index,color,version,cost,height,double_height
0,red,1,5.99,12,24
6,yellow,6,10.99,18,36
3,red,1,5.99,15,30
9,red,8,12.99,21,42
2,blue,3,5.99,14,28
5,orange,5,10.99,17,34
1,green,2,5.99,13,26
7,green,2,12.99,19,38
