version,productionStartYear,productionEndYear
1,2001,2003.0
2,2002,2004.0
3,2003,2005.0
4,2004,2006.0
5,2005,2007.0
6,2006,2008.0
7,2007,2009.0
8,2008,2010.0
9,2009,2011.0
10,2010,2012.0
11,2011,2013.0
