target,color,version,cost,height,productionStartYear,productionEndYear
0,red,1,5.99,12,2001,2003.0
0,green,2,5.99,13,2002,2004.0
0,blue,3,5.99,14,2003,2005.0
0,red,1,5.99,15,2001,2003.0
0,purple,4,10.99,16,2004,2006.0
1,orange,5,10.99,17,2005,2007.0
1,yellow,6,10.99,18,2006,2008.0
1,green,2,12.99,19,2002,2004.0
1,blue,3,12.99,20,2003,2005.0
1,red,8,12.99,21,2008,2010.0
